{"eval/loss": 0.8173213005065918, "eval/f1": 0.6241588723036574, "eval/runtime": 20.7519, "eval/samples_per_second": 42.358, "eval/steps_per_second": 2.12, "train/epoch": 0.24, "train/global_step": 43, "_timestamp": 1716264077, "_runtime": 1148, "_step": 42, "_wandb": {"runtime": 1155}}