{"eval/loss": 1.2067843675613403, "eval/f1": 0.8739997276360216, "eval/runtime": 8.4447, "eval/samples_per_second": 42.394, "eval/steps_per_second": 2.132, "train/epoch": 50.01, "train/global_step": 3601, "_timestamp": 1716399789, "_runtime": 16, "_step": 0, "_wandb": {"runtime": 21}}