{"eval/loss": 1.1596710681915283, "eval/f1": 0.29269788182831663, "eval/runtime": 86.3893, "eval/samples_per_second": 0.695, "eval/steps_per_second": 0.139, "train/epoch": 0.06, "train/global_step": 3, "_timestamp": 1712853828, "_runtime": 380, "_step": 2}